"V1","V2"
"",""
"","PACKET"
"","TUBE"
"","POUCH"
"[hp_C]","TUBE"
"[hp_C]","PACKAGE"
"[hp_M]","TUBE"
"[hp_M]","BLISTER PACK"
"[hp_X]","TUBE"
"[hp_X]","BAG"
"[hp_X]","BOTTLE"
"[kp_C]","TUBE"
"a","BAG"
"AEROSOL","CANISTER"
"AEROSOL","INHALER"
"AEROSOL, FOAM","CANISTER"
"AEROSOL, METERED","INHALER"
"AEROSOL, METERED","BOX"
"AEROSOL, METERED","BOTTLE"
"AEROSOL, METERED","CANISTER"
"AEROSOL, POWDER","INHALER"
"AEROSOL, POWDER","POUCH"
"AMPULE","BAG"
"AMPULE","BOX"
"AMPULE","CARTON"
"AMPULE","CONTAINER"
"AMPULE","PACKAGE"
"AMPULE","POUCH"
"AMPULE","BLISTER PACK"
"AMPULE","BOTTLE"
"AMPULE","CELLO PACK"
"AMPULE","PACKAGE, COMBINATION"
"AMPULE","TRAY"
"AMPULE","CASE"
"AMPULE","DOSE PACK"
"APPLICATOR","BAG"
"APPLICATOR","BLISTER PACK"
"APPLICATOR","BOX"
"APPLICATOR","CARTON"
"APPLICATOR","CASE"
"APPLICATOR","PACKAGE"
"APPLICATOR","PACKET"
"APPLICATOR","POUCH"
"APPLICATOR","CANISTER"
"APPLICATOR","PAIL"
"APPLICATOR","VIAL"
"APPLICATOR","CELLO PACK"
"APPLICATOR","CONTAINER"
"APPLICATOR","JAR"
"APPLICATOR","TRAY"
"BAG","BAG"
"BAG","BOX"
"BAG","CANISTER"
"BAG","CARTON"
"BAG","CONTAINER"
"BAG","DRUM"
"BAG","PACKAGE"
"BAG","PAIL"
"BAG","POUCH"
"BAG","CASE"
"BAG","PACKET"
"BAG","KIT"
"BAR, CHEWABLE","CONTAINER"
"BAR, CHEWABLE","POUCH"
"BAR, CHEWABLE","BOTTLE"
"BAR, CHEWABLE","BAG"
"BAR, CHEWABLE","PACKAGE"
"BLISTER PACK","BAG"
"BLISTER PACK","BLISTER PACK"
"BLISTER PACK","BOTTLE"
"BLISTER PACK","BOX"
"BLISTER PACK","BOX, UNIT-DOSE"
"BLISTER PACK","CAPSULE"
"BLISTER PACK","CARTON"
"BLISTER PACK","CASE"
"BLISTER PACK","CONTAINER"
"BLISTER PACK","DOSE PACK"
"BLISTER PACK","KIT"
"BLISTER PACK","PACKAGE"
"BLISTER PACK","PACKAGE, COMBINATION"
"BLISTER PACK","PACKET"
"BLISTER PACK","POUCH"
"BLISTER PACK","BOTTLE, UNIT-DOSE"
"BLISTER PACK","CAN"
"BLISTER PACK","TRAY"
"BLISTER PACK","CELLO PACK"
"BOTTLE","CARTON"
"BOTTLE","AMPULE"
"BOTTLE","BAG"
"BOTTLE","BLISTER PACK"
"BOTTLE","BOTTLE"
"BOTTLE","BOTTLE, PUMP"
"BOTTLE","BOTTLE, WITH APPLICATOR"
"BOTTLE","BOX"
"BOTTLE","CAN"
"BOTTLE","CAPSULE"
"BOTTLE","CASE"
"BOTTLE","CONTAINER"
"BOTTLE","KIT"
"BOTTLE","NOT APPLICABLE"
"BOTTLE","PACKAGE"
"BOTTLE","POUCH"
"BOTTLE","TUBE"
"BOTTLE","CELLO PACK"
"BOTTLE","TRAY"
"BOTTLE","PACKAGE, COMBINATION"
"BOTTLE","PACKET"
"BOTTLE","BOTTLE, SPRAY"
"BOTTLE, DISPENSING","BOX"
"BOTTLE, DISPENSING","CARTON"
"BOTTLE, DISPENSING","PACKAGE"
"BOTTLE, DISPENSING","BAG"
"BOTTLE, DISPENSING","CASE"
"BOTTLE, DISPENSING","CELLO PACK"
"BOTTLE, DROPPER","BAG"
"BOTTLE, DROPPER","BLISTER PACK"
"BOTTLE, DROPPER","BOX"
"BOTTLE, DROPPER","CARTON"
"BOTTLE, DROPPER","CYLINDER"
"BOTTLE, DROPPER","KIT"
"BOTTLE, DROPPER","PACKAGE"
"BOTTLE, DROPPER","CONTAINER, FLEXIBLE INTERMEDIATE BULK"
"BOTTLE, DROPPER","BOTTLE, DROPPER"
"BOTTLE, DROPPER","POUCH"
"BOTTLE, GLASS","BOTTLE"
"BOTTLE, GLASS","BOX"
"BOTTLE, GLASS","CAN"
"BOTTLE, GLASS","CARTON"
"BOTTLE, GLASS","KIT"
"BOTTLE, GLASS","PACKAGE"
"BOTTLE, GLASS","CASE"
"BOTTLE, GLASS","POUCH"
"BOTTLE, PLASTIC","BLISTER PACK"
"BOTTLE, PLASTIC","BOTTLE"
"BOTTLE, PLASTIC","BOX"
"BOTTLE, PLASTIC","CARTON"
"BOTTLE, PLASTIC","CASE"
"BOTTLE, PLASTIC","JAR"
"BOTTLE, PLASTIC","PACKAGE"
"BOTTLE, PLASTIC","POUCH"
"BOTTLE, PLASTIC","TRAY"
"BOTTLE, PLASTIC","NOT APPLICABLE"
"BOTTLE, PLASTIC","CELLO PACK"
"BOTTLE, PLASTIC","KIT"
"BOTTLE, PLASTIC","PACKAGE, COMBINATION"
"BOTTLE, PLASTIC","BOTTLE, PLASTIC"
"BOTTLE, PLASTIC","BAG"
"BOTTLE, PLASTIC","BOX, UNIT-DOSE"
"BOTTLE, PUMP","BLISTER PACK"
"BOTTLE, PUMP","BOTTLE, PUMP"
"BOTTLE, PUMP","BOX"
"BOTTLE, PUMP","CARTON"
"BOTTLE, PUMP","KIT"
"BOTTLE, PUMP","PACKAGE"
"BOTTLE, PUMP","CASE"
"BOTTLE, PUMP","CELLO PACK"
"BOTTLE, SPRAY","BAG"
"BOTTLE, SPRAY","BLISTER PACK"
"BOTTLE, SPRAY","BOTTLE, SPRAY"
"BOTTLE, SPRAY","BOX"
"BOTTLE, SPRAY","CARTON"
"BOTTLE, SPRAY","CONTAINER"
"BOTTLE, SPRAY","PACKAGE"
"BOTTLE, SPRAY","POUCH"
"BOTTLE, SPRAY","CASE"
"BOTTLE, SPRAY","PACKAGE, COMBINATION"
"BOTTLE, UNIT-DOSE","CARTON"
"BOTTLE, UNIT-DOSE","BOX, UNIT-DOSE"
"BOTTLE, UNIT-DOSE","BAG"
"BOTTLE, UNIT-DOSE","DOSE PACK"
"BOTTLE, UNIT-DOSE","TUBE"
"BOTTLE, UNIT-DOSE","BOTTLE, SPRAY"
"BOTTLE, WITH APPLICATOR","BLISTER PACK"
"BOTTLE, WITH APPLICATOR","BOX"
"BOTTLE, WITH APPLICATOR","CARTON"
"BOTTLE, WITH APPLICATOR","PACKAGE"
"BOTTLE, WITH APPLICATOR","CASE"
"BOX","BAG"
"BOX","BLISTER PACK"
"BOX","BOTTLE, SPRAY"
"BOX","BOX"
"BOX","CARTON"
"BOX","KIT"
"BOX","PACKAGE"
"BOX","TUBE"
"BOX","CASE"
"BOX","CONTAINER"
"BOX","CELLO PACK"
"BOX","PACKAGE, COMBINATION"
"BOX","PACKET"
"BOX, UNIT-DOSE","BLISTER PACK"
"BOX, UNIT-DOSE","VIAL"
"BOX, UNIT-DOSE","CARTON"
"BOX, UNIT-DOSE","PACKET"
"BOX, UNIT-DOSE","BOX, UNIT-DOSE"
"CAN","BOX"
"CAN","CAPSULE"
"CAN","CARTON"
"CAN","CONTAINER"
"CAN","PACKAGE"
"CAN","CELLO PACK"
"CAN","BLISTER PACK"
"CANISTER","BLISTER PACK"
"CANISTER","BOX"
"CANISTER","CARTON"
"CANISTER","PACKAGE"
"CANISTER","CANISTER"
"CANISTER","CASE"
"CANISTER","CELLO PACK"
"CANISTER","INHALER"
"CANISTER","POUCH"
"CAPSULE","BLISTER PACK"
"CAPSULE","BOTTLE"
"CAPSULE","BOTTLE, PLASTIC"
"CAPSULE","BOX, UNIT-DOSE"
"CAPSULE","CARTON"
"CAPSULE","BOX"
"CAPSULE","PACKAGE"
"CAPSULE","PACKAGE, COMBINATION"
"CAPSULE","BOTTLE, GLASS"
"CAPSULE","BOTTLE, UNIT-DOSE"
"CAPSULE","CONTAINER"
"CAPSULE","BAG"
"CAPSULE","DOSE PACK"
"CAPSULE","POUCH"
"CAPSULE","BOTTLE, DISPENSING"
"CAPSULE","VIAL"
"CAPSULE","CAPSULE"
"CAPSULE","PACKET"
"CAPSULE, COATED","BOTTLE, PLASTIC"
"CAPSULE, COATED","BLISTER PACK"
"CAPSULE, COATED PELLETS","BLISTER PACK"
"CAPSULE, COATED PELLETS","BOTTLE"
"CAPSULE, COATED PELLETS","BOTTLE, PLASTIC"
"CAPSULE, COATED PELLETS","POUCH"
"CAPSULE, COATED, EXTENDED RELEASE","BOTTLE"
"CAPSULE, COATED, EXTENDED RELEASE","BLISTER PACK"
"CAPSULE, COATED, EXTENDED RELEASE","BOTTLE, PLASTIC"
"CAPSULE, DELAYED RELEASE","BLISTER PACK"
"CAPSULE, DELAYED RELEASE","BOTTLE"
"CAPSULE, DELAYED RELEASE","BOTTLE, PLASTIC"
"CAPSULE, DELAYED RELEASE","BOTTLE, GLASS"
"CAPSULE, DELAYED RELEASE","CARTON"
"CAPSULE, DELAYED RELEASE","BOTTLE, UNIT-DOSE"
"CAPSULE, DELAYED RELEASE","DRUM"
"CAPSULE, DELAYED RELEASE","POUCH"
"CAPSULE, DELAYED RELEASE PELLETS","BOTTLE"
"CAPSULE, DELAYED RELEASE PELLETS","BOTTLE, PLASTIC"
"CAPSULE, DELAYED RELEASE PELLETS","BLISTER PACK"
"CAPSULE, DELAYED RELEASE PELLETS","POUCH"
"CAPSULE, EXTENDED RELEASE","BOTTLE"
"CAPSULE, EXTENDED RELEASE","BOTTLE, PLASTIC"
"CAPSULE, EXTENDED RELEASE","BOX, UNIT-DOSE"
"CAPSULE, EXTENDED RELEASE","CARTON"
"CAPSULE, EXTENDED RELEASE","BOTTLE, UNIT-DOSE"
"CAPSULE, EXTENDED RELEASE","BLISTER PACK"
"CAPSULE, EXTENDED RELEASE","POUCH"
"CAPSULE, GELATIN COATED","BOTTLE, PLASTIC"
"CAPSULE, GELATIN COATED","PACKET"
"CAPSULE, GELATIN COATED","BLISTER PACK"
"CAPSULE, GELATIN COATED","BOTTLE"
"CAPSULE, GELATIN COATED","BOX"
"CAPSULE, GELATIN COATED","CARTON"
"CAPSULE, GELATIN COATED","PACKAGE"
"CAPSULE, GELATIN COATED","POUCH"
"CAPSULE, GELATIN COATED","VIAL, PLASTIC"
"CAPSULE, LIQUID FILLED","BLISTER PACK"
"CAPSULE, LIQUID FILLED","BOTTLE"
"CAPSULE, LIQUID FILLED","BOTTLE, PLASTIC"
"CAPSULE, LIQUID FILLED","BOX, UNIT-DOSE"
"CAPSULE, LIQUID FILLED","PACKAGE"
"CAPSULE, LIQUID FILLED","BAG"
"CAPSULE, LIQUID FILLED","CARTON"
"CAPSULE, LIQUID FILLED","PAIL"
"CAPSULE, LIQUID FILLED","POUCH"
"CAPSULE, LIQUID FILLED","BOX"
"CAPSULE, LIQUID FILLED","CAPSULE"
"CAPSULE, LIQUID FILLED","BOTTLE, GLASS"
"CAPSULE, LIQUID FILLED","PACKAGE, COMBINATION"
"CAPSULE, LIQUID FILLED","JAR"
"CAPSULE, LIQUID FILLED","VIAL"
"CAPSULE, LIQUID FILLED","PACKET"
"CARTON","BAG"
"CARTON","BLISTER PACK"
"CARTON","BOX"
"CARTON","CARTON"
"CARTON","KIT"
"CARTON","PACKAGE"
"CARTON","PACKET"
"CARTON","PATCH"
"CARTON","CELLO PACK"
"CARTON","CONTAINER"
"CARTON","TRAY"
"CARTON","BOTTLE"
"CARTON","TUBE"
"CARTON","CASE"
"CARTON","PACKAGE, COMBINATION"
"CARTON","BOTTLE, DROPPER"
"CARTRIDGE","BAG"
"CARTRIDGE","BOX"
"CARTRIDGE","BOX, UNIT-DOSE"
"CARTRIDGE","CARTON"
"CARTRIDGE","TRAY"
"CARTRIDGE","CONTAINER"
"CARTRIDGE","PACKAGE"
"CARTRIDGE","CASE"
"CARTRIDGE","KIT"
"CARTRIDGE","BLISTER PACK"
"CARTRIDGE","APPLICATOR"
"CASE","BAG"
"CASE","BLISTER PACK"
"CASE","BOX"
"CASE","CARTON"
"CASE","PACKAGE"
"CASE","CASE"
"CELLO PACK","BLISTER PACK"
"CELLO PACK","BOX"
"CELLO PACK","CARTON"
"CELLO PACK","CONTAINER"
"CELLO PACK","CASE"
"CELLO PACK","TRAY"
"CELLO PACK","PACKAGE"
"CHEWABLE GEL","BOTTLE"
"Ci","VIAL, PLASTIC"
"CLOTH","BAG"
"CLOTH","BOX"
"CLOTH","CANISTER"
"CLOTH","NOT APPLICABLE"
"CLOTH","PACKAGE"
"CLOTH","PACKET"
"CLOTH","POUCH"
"CLOTH","BOTTLE"
"CLOTH","CASE"
"CLOTH","CONTAINER"
"CLOTH","CYLINDER"
"CLOTH","DRUM"
"CLOTH","JAR"
"CLOTH","PAIL"
"CLOTH","TUBE"
"CLOTH","BOX, UNIT-DOSE"
"CLOTH","CARTON"
"CLOTH","BLISTER PACK"
"CLOTH","APPLICATOR"
"CLOTH","BOTTLE, PLASTIC"
"cm2","CARTON"
"cm2","CANISTER"
"cm2","PACKAGE"
"cm2","BOTTLE"
"cm2","POUCH"
"cm2","TRAY"
"cm2","PATCH"
"CONTAINER","BAG"
"CONTAINER","BLISTER PACK"
"CONTAINER","BOX"
"CONTAINER","BOX, UNIT-DOSE"
"CONTAINER","CARTON"
"CONTAINER","CELLO PACK"
"CONTAINER","CONTAINER"
"CONTAINER","PACKAGE"
"CONTAINER","DRUM"
"CONTAINER","CASE"
"CONTAINER","KIT"
"CONTAINER","POUCH"
"CREAM","BOTTLE, GLASS"
"CREAM","BOTTLE, PUMP"
"CREAM","PACKAGE"
"CREAM","TUBE"
"CREAM","BOTTLE, WITH APPLICATOR"
"CREAM","PACKET"
"CUP","BOX"
"CUP","CASE"
"CUP","KIT"
"CUP","TRAY"
"CUP, UNIT-DOSE","BAG"
"CUP, UNIT-DOSE","BOX"
"CUP, UNIT-DOSE","BOX, UNIT-DOSE"
"CUP, UNIT-DOSE","TRAY"
"CUP, UNIT-DOSE","CASE"
"CUP, UNIT-DOSE","PACKAGE"
"CUP, UNIT-DOSE","CARTON"
"CUP, UNIT-DOSE","CUP, UNIT-DOSE"
"CYLINDER","BLISTER PACK"
"CYLINDER","BOX"
"CYLINDER","CARTON"
"CYLINDER","PACKAGE"
"CYLINDER","KIT"
"CYLINDER","CELLO PACK"
"d","DRUM"
"d","BOTTLE"
"d","PATCH"
"d","POUCH"
"DIALPACK","BOX"
"DIALPACK","CARTON"
"DIALPACK","PACKAGE"
"DISC","CARTON"
"DISC","BOX"
"DISC","CELLO PACK"
"DOSE PACK","BAG"
"DOSE PACK","BOX"
"DOSE PACK","CARTON"
"DOSE PACK","CASE"
"DRUM","TRAY"
"DRUM","BOX"
"FILM","POUCH"
"FILM, SOLUBLE","POUCH"
"FILM, SOLUBLE","PACKET"
"FOR SOLUTION","CARTON"
"FOR SOLUTION","BOTTLE, PLASTIC"
"FOR SUSPENSION","CARTON"
"FOR SUSPENSION","PACKET"
"g","POUCH"
"g","PACKET"
"g","TUBE"
"g","VIAL, SINGLE-DOSE"
"g","JAR"
"g","BOX"
"g","BOTTLE, PUMP"
"g","BAG"
"g","PACKAGE"
"g","APPLICATOR"
"g","BLISTER PACK"
"g","BOTTLE"
"g","BOTTLE, PLASTIC"
"g","BOTTLE, WITH APPLICATOR"
"g","CAN"
"g","CANISTER"
"g","CARTON"
"g","CONTAINER"
"g","PATCH"
"g","SYRINGE"
"g","VIAL"
"g","TUBE, WITH APPLICATOR"
"g","CYLINDER"
"g","BOTTLE, SPRAY"
"g","BOX, UNIT-DOSE"
"g","BOTTLE, DROPPER"
"g","BOTTLE, DISPENSING"
"g","BOTTLE, GLASS"
"g","PAIL"
"g","TANK"
"g","DRUM"
"g","CELLO PACK"
"g","CONTAINER, FLEXIBLE INTERMEDIATE BULK"
"g","KIT"
"g","TRAY"
"g","PACKAGE, COMBINATION"
"g","VIAL, GLASS"
"g","CUP"
"g","INHALER"
"g","JUG"
"g","CONTAINER (GS)"
"g","DOSE PACK"
"g","DIALPACK"
"g","CARTRIDGE"
"g","NOT APPLICABLE"
"g","AMPULE"
"g","CASE"
"g","VIAL, PLASTIC"
"g","SYRINGE, PLASTIC"
"g","VIAL, SINGLE-USE"
"GAS","VIAL"
"GEL","BOTTLE, PLASTIC"
"GEL","BOTTLE, PUMP"
"GEL","BOTTLE"
"GEL","BOTTLE, DISPENSING"
"GEL","BOX"
"GEL","CARTON"
"GEL","CONTAINER"
"GEL","POUCH"
"GEL","SYRINGE, PLASTIC"
"GEL","PACKAGE"
"GEL, METERED","BOTTLE, PUMP"
"GRANULE","CARTON"
"GRANULE","TUBE"
"GRANULE","PACKET"
"GRANULE, DELAYED RELEASE","CARTON"
"GRANULE, DELAYED RELEASE","PACKET"
"GRANULE, EFFERVESCENT","POUCH"
"GRANULE, EFFERVESCENT","PACKET"
"GRANULE, FOR SOLUTION","POUCH"
"GRANULE, FOR SOLUTION","CARTON"
"GRANULE, FOR SUSPENSION","PACKET"
"GRANULE, FOR SUSPENSION, EXTENDED RELEASE","CARTON"
"GUM, CHEWING","POUCH"
"GUM, CHEWING","CARTON"
"GUM, CHEWING","BLISTER PACK"
"h","BOTTLE"
"h","PATCH"
"h","POUCH"
"IMPLANT","POUCH"
"IMPLANT","BLISTER PACK"
"IMPLANT","VIAL, GLASS"
"IMPLANT","CONTAINER"
"IMPLANT","APPLICATOR"
"IMPLANT","SYRINGE"
"INHALANT","INHALER"
"INHALANT","CANISTER"
"INHALANT","CARTRIDGE"
"INHALER","BLISTER PACK"
"INHALER","BOX"
"INHALER","CARTON"
"INHALER","POUCH"
"INHALER","TRAY"
"INJECTION","PACKAGE"
"INJECTION","SYRINGE"
"INJECTION","BOX"
"INJECTION","BAG"
"INJECTION","VIAL"
"INJECTION","VIAL, MULTI-DOSE"
"INJECTION","VIAL, SINGLE-DOSE"
"INJECTION","VIAL, SINGLE-USE"
"INJECTION, POWDER, FOR SOLUTION","BAG"
"INJECTION, POWDER, FOR SOLUTION","BOTTLE"
"INJECTION, POWDER, FOR SOLUTION","BOTTLE, GLASS"
"INJECTION, POWDER, FOR SOLUTION","BOX"
"INJECTION, POWDER, FOR SOLUTION","CARTON"
"INJECTION, POWDER, FOR SOLUTION","VIAL"
"INJECTION, POWDER, FOR SOLUTION","VIAL, GLASS"
"INJECTION, POWDER, FOR SOLUTION","VIAL, MULTI-DOSE"
"INJECTION, POWDER, FOR SOLUTION","VIAL, PHARMACY BULK PACKAGE"
"INJECTION, POWDER, FOR SOLUTION","VIAL, SINGLE-USE"
"INJECTION, POWDER, FOR SOLUTION","KIT"
"INJECTION, POWDER, FOR SOLUTION","VIAL, SINGLE-DOSE"
"INJECTION, POWDER, FOR SOLUTION","VIAL, PATENT DELIVERY SYSTEM"
"INJECTION, POWDER, FOR SUSPENSION, EXTENDED RELEASE","VIAL, SINGLE-DOSE"
"INJECTION, POWDER, LYOPHILIZED, FOR SOLUTION","BAG"
"INJECTION, POWDER, LYOPHILIZED, FOR SOLUTION","BOX"
"INJECTION, POWDER, LYOPHILIZED, FOR SOLUTION","CARTON"
"INJECTION, POWDER, LYOPHILIZED, FOR SOLUTION","VIAL"
"INJECTION, POWDER, LYOPHILIZED, FOR SOLUTION","VIAL, PATENT DELIVERY SYSTEM"
"INJECTION, POWDER, LYOPHILIZED, FOR SOLUTION","KIT"
"INJECTION, POWDER, LYOPHILIZED, FOR SOLUTION","VIAL, MULTI-DOSE"
"INJECTION, POWDER, LYOPHILIZED, FOR SOLUTION","VIAL, SINGLE-DOSE"
"INJECTION, POWDER, LYOPHILIZED, FOR SOLUTION","VIAL, GLASS"
"INJECTION, POWDER, LYOPHILIZED, FOR SOLUTION","VIAL, PHARMACY BULK PACKAGE"
"INJECTION, POWDER, LYOPHILIZED, FOR SOLUTION","VIAL, SINGLE-USE"
"INJECTION, SOLUTION","CARTON"
"INJECTION, SOLUTION","CONTAINER"
"INJECTION, SOLUTION","PACKAGE"
"INJECTION, SOLUTION","POUCH"
"INJECTION, SOLUTION","VIAL"
"INJECTION, SOLUTION","VIAL, GLASS"
"INJECTION, SOLUTION","VIAL, MULTI-DOSE"
"INJECTION, SOLUTION","VIAL, SINGLE-USE"
"INJECTION, SOLUTION","SYRINGE"
"INJECTION, SOLUTION","VIAL, SINGLE-DOSE"
"INJECTION, SOLUTION","VIAL, PLASTIC"
"INJECTION, SUSPENSION","BAG"
"INJECTION, SUSPENSION","VIAL, PLASTIC"
"INSERT","PACKAGE"
"INSERT","BLISTER PACK"
"INSERT","POUCH"
"INSERT","APPLICATOR"
"INSERT, EXTENDED RELEASE","BLISTER PACK"
"INSERT, EXTENDED RELEASE","POUCH"
"INTRAUTERINE DEVICE","CARTON"
"INTRAUTERINE DEVICE","POUCH"
"JAR","BLISTER PACK"
"JAR","BOX"
"JAR","CARTON"
"JAR","CASE"
"JAR","JAR"
"JAR","KIT"
"JAR","PACKAGE"
"JAR","PACKET"
"JAR","TRAY"
"JAR","CELLO PACK"
"JUG","BOX"
"JUG","CARTON"
"JUG","CASE"
"JUG","PACKAGE"
"kg","PACKET"
"kg","BOTTLE"
"kg","TUBE"
"kg","JAR"
"kg","BOTTLE, PLASTIC"
"kg","BOTTLE, PUMP"
"kg","CARTON"
"kg","POUCH"
"kg","CYLINDER"
"kg","BAG"
"kg","TANK"
"kg","CASE"
"kg","DRUM"
"kg","DEWAR"
"kg","JUG"
"kg","CONTAINER"
"kg","PAIL"
"kg","BOTTLE, WITH APPLICATOR"
"KIT","APPLICATOR"
"KIT","BAG"
"KIT","BLISTER PACK"
"KIT","BOTTLE"
"KIT","BOX"
"KIT","CARTON"
"KIT","CASE"
"KIT","CELLO PACK"
"KIT","CONTAINER"
"KIT","DOSE PACK"
"KIT","KIT"
"KIT","PACKAGE"
"KIT","PACKAGE, COMBINATION"
"KIT","PACKET"
"KIT","POUCH"
"KIT","TRAY"
"KIT","TUBE"
"KIT","CARTRIDGE"
"KIT","DIALPACK"
"KIT","PATCH"
"KIT","VIAL, SINGLE-DOSE"
"KIT","VIAL"
"KIT","BOTTLE, DROPPER"
"KIT","SYRINGE, GLASS"
"L","PACKET"
"L","TUBE"
"L","DOSE PACK"
"L","PACKAGE"
"L","BOTTLE"
"L","BOTTLE, SPRAY"
"L","BOX"
"L","BOTTLE, PUMP"
"L","BOTTLE, DROPPER"
"L","BOTTLE, PLASTIC"
"L","BAG"
"L","POUCH"
"L","BOTTLE, GLASS"
"L","BOTTLE, DISPENSING"
"L","BOTTLE, WITH APPLICATOR"
"L","CYLINDER"
"L","CANISTER"
"L","BOTTLE, UNIT-DOSE"
"L","CONTAINER"
"L","CONTAINER, FLEXIBLE INTERMEDIATE BULK"
"L","DEWAR"
"L","DRUM"
"L","TANK"
"L","VIAL, PLASTIC"
"L","CASE"
"L","CAN"
"L","JUG"
"L","NOT APPLICABLE"
"L","PAIL"
"L","CARTRIDGE"
"L","JAR"
"L","PATCH"
"LIQUID","BOTTLE, DISPENSING"
"LIQUID","BOTTLE"
"LIQUID","BOTTLE, GLASS"
"LIQUID","BOTTLE, PLASTIC"
"LIQUID","BOTTLE, PUMP"
"LIQUID","BOTTLE, SPRAY"
"LIQUID","CONTAINER"
"LIQUID","TUBE"
"LIQUID","POUCH"
"LIQUID","BOTTLE, DROPPER"
"LIQUID","PACKAGE"
"LIQUID","PAIL"
"LIQUID","DRUM"
"LIQUID","JUG"
"LIQUID","BOX"
"LIQUID","CARTON"
"LIQUID","JAR"
"LIQUID","BOTTLE, WITH APPLICATOR"
"LOTION","BOTTLE"
"LOTION","TUBE"
"LOZENGE","BAG"
"LOZENGE","POUCH"
"LOZENGE","BOX"
"LOZENGE","CARTON"
"LOZENGE","PACKAGE"
"LOZENGE","CONTAINER, FLEXIBLE INTERMEDIATE BULK"
"LOZENGE","JAR"
"LOZENGE","BOTTLE, PLASTIC"
"LOZENGE","BLISTER PACK"
"LOZENGE","CAN"
"LOZENGE","CANISTER"
"LOZENGE","CONTAINER"
"LOZENGE","PACKET"
"LOZENGE","BOTTLE"
"LOZENGE","VIAL"
"LOZENGE","CELLO PACK"
"LOZENGE","NOT APPLICABLE"
"mg","BOTTLE, SPRAY"
"mg","POUCH"
"mg","BOX"
"mg","BOTTLE, PLASTIC"
"mg","BOTTLE, PUMP"
"mg","TUBE"
"mg","PACKET"
"mg","BAG"
"mg","BOTTLE"
"mg","CANISTER"
"mg","PACKAGE"
"mg","CARTON"
"mg","CASE"
"mg","BOTTLE, DISPENSING"
"mg","JAR"
"mg","VIAL, SINGLE-USE"
"mg","CAN"
"mg","BOTTLE, WITH APPLICATOR"
"mg","DOSE PACK"
"mg","SYRINGE, GLASS"
"mg","PATCH"
"mg","PAIL"
"mg","DRUM"
"mg","BOTTLE, DROPPER"
"mg","APPLICATOR"
"mg","BLISTER PACK"
"mg","BOTTLE, GLASS"
"mg","VIAL, GLASS"
"mg","VIAL"
"mg","CAPSULE"
"mg","CONTAINER"
"mg","BOX, UNIT-DOSE"
"mg","SYRINGE"
"mL","BAG"
"mL","PACKET"
"mL","BOTTLE"
"mL","CAN"
"mL","CANISTER"
"mL","POUCH"
"mL","VIAL, SINGLE-DOSE"
"mL","DOSE PACK"
"mL","SYRINGE"
"mL","BOTTLE, GLASS"
"mL","AMPULE"
"mL","CONTAINER"
"mL","SYRINGE, GLASS"
"mL","BOTTLE, SPRAY"
"mL","BOTTLE, DISPENSING"
"mL","BOTTLE, DROPPER"
"mL","VIAL"
"mL","VIAL, SINGLE-USE"
"mL","BOTTLE, PLASTIC"
"mL","PACKAGE"
"mL","SYRINGE, PLASTIC"
"mL","BOTTLE, WITH APPLICATOR"
"mL","CONTAINER, FLEXIBLE INTERMEDIATE BULK"
"mL","DRUM"
"mL","PAIL"
"mL","TANK"
"mL","VIAL, GLASS"
"mL","BLISTER PACK"
"mL","BOTTLE, PUMP"
"mL","BOX"
"mL","CARTON"
"mL","CARTRIDGE"
"mL","JAR"
"mL","JUG"
"mL","KIT"
"mL","PATCH"
"mL","TUBE"
"mL","VIAL, MULTI-DOSE"
"mL","APPLICATOR"
"mL","TUBE, WITH APPLICATOR"
"mL","BOX, UNIT-DOSE"
"mL","CUP"
"mL","CUP, UNIT-DOSE"
"mL","VIAL, PLASTIC"
"mL","VIAL, PHARMACY BULK PACKAGE"
"mL","CASE"
"mL","NOT APPLICABLE"
"mL","SUPERSACK"
"mL","BOTTLE, UNIT-DOSE"
"mL","CYLINDER"
"mL","PACKAGE, COMBINATION"
"mL","CELLO PACK"
"mL","VIAL, PATENT DELIVERY SYSTEM"
"mL","CAPSULE"
"mL","TRAY"
"mL","VIAL, DISPENSING"
"mm","BOTTLE, PLASTIC"
"mm","PATCH"
"NOT APPLICABLE","BAG"
"NOT APPLICABLE","CARTON"
"NOT APPLICABLE","PACKAGE"
"NOT APPLICABLE","PACKET"
"NOT APPLICABLE","POUCH"
"NOT APPLICABLE","BOTTLE"
"NOT APPLICABLE","BOTTLE, PLASTIC"
"NOT APPLICABLE","BOX"
"NOT APPLICABLE","CANISTER"
"NOT APPLICABLE","CONTAINER"
"NOT APPLICABLE","PAIL"
"NOT APPLICABLE","CASE"
"OIL","BOTTLE"
"OINTMENT","BOX"
"OINTMENT","JAR"
"OINTMENT","TUBE"
"PACKAGE","BAG"
"PACKAGE","BOTTLE"
"PACKAGE","BOX"
"PACKAGE","CARTON"
"PACKAGE","CASE"
"PACKAGE","PACKAGE"
"PACKAGE","PACKET"
"PACKAGE","POUCH"
"PACKAGE","KIT"
"PACKAGE","CAN"
"PACKAGE","CANISTER"
"PACKAGE","CONTAINER"
"PACKAGE","PAIL"
"PACKAGE","PACKAGE, COMBINATION"
"PACKAGE","CELLO PACK"
"PACKAGE","NOT APPLICABLE"
"PACKAGE","BOX, UNIT-DOSE"
"PACKAGE","TRAY"
"PACKAGE","TUBE"
"PACKAGE","BLISTER PACK"
"PACKAGE","BOTTLE, PLASTIC"
"PACKAGE, COMBINATION","PACKAGE"
"PACKAGE, COMBINATION","PACKAGE, COMBINATION"
"PACKET","BOTTLE, WITH APPLICATOR"
"PACKET","BOX"
"PACKET","BOX, UNIT-DOSE"
"PACKET","CARTON"
"PACKET","PACKAGE"
"PACKET","PACKET"
"PACKET","POUCH"
"PACKET","BAG"
"PACKET","BLISTER PACK"
"PACKET","CANISTER"
"PACKET","KIT"
"PACKET","BOTTLE"
"PACKET","BOTTLE, UNIT-DOSE"
"PACKET","CASE"
"PACKET","CONTAINER"
"PACKET","JAR"
"PACKET","PACKAGE, COMBINATION"
"PACKET","TRAY"
"PACKET","DOSE PACK"
"PAIL","CARTON"
"PASTE","VIAL"
"PASTILLE","BAG"
"PASTILLE","BOX"
"PATCH","BAG"
"PATCH","BOX"
"PATCH","CANISTER"
"PATCH","CARTON"
"PATCH","JAR"
"PATCH","PACKAGE"
"PATCH","PACKET"
"PATCH","POUCH"
"PATCH","PATCH"
"PATCH","DRUM"
"PATCH","CONTAINER"
"PATCH","CYLINDER"
"PATCH","BOTTLE, DISPENSING"
"PATCH","TUBE"
"PATCH","CASE"
"PATCH","CARTRIDGE"
"PATCH","TUBE, WITH APPLICATOR"
"PATCH","BOTTLE, PLASTIC"
"PATCH","PAIL"
"PATCH","BOTTLE"
"PATCH","CELLO PACK"
"PATCH","BOTTLE, GLASS"
"PATCH","NOT APPLICABLE"
"PATCH","KIT"
"PATCH","BLISTER PACK"
"PATCH, EXTENDED RELEASE","POUCH"
"PELLET","BOTTLE, GLASS"
"PELLET","TUBE"
"PELLET","DRUM"
"PELLET","KIT"
"PELLET","PACKAGE"
"PELLET","VIAL, SINGLE-DOSE"
"PELLET","PACKET"
"PELLET","VIAL, GLASS"
"PELLET","BOTTLE"
"PELLET","BOTTLE, PLASTIC"
"PELLET","CYLINDER"
"PELLET","VIAL, DISPENSING"
"PELLET","VIAL, PLASTIC"
"PELLET","AMPULE"
"PILL","BLISTER PACK"
"PLASTER","CAN"
"PLASTER","BOX"
"PLASTER","PACKAGE"
"PLASTER","CARTON"
"PLASTER","PACKET"
"PLASTER","CELLO PACK"
"PLASTER","POUCH"
"POUCH","BAG"
"POUCH","BLISTER PACK"
"POUCH","BOTTLE"
"POUCH","BOX"
"POUCH","BOX, UNIT-DOSE"
"POUCH","CAN"
"POUCH","CANISTER"
"POUCH","CARTON"
"POUCH","CASE"
"POUCH","CONTAINER"
"POUCH","PACKAGE"
"POUCH","PACKET"
"POUCH","KIT"
"POUCH","POUCH"
"POUCH","BOTTLE, UNIT-DOSE"
"POUCH","PAIL"
"POUCH","TRAY"
"POUCH","PACKAGE, COMBINATION"
"POUCH","DOSE PACK"
"POUCH","JAR"
"POWDER","BOTTLE, GLASS"
"POWDER","PACKET"
"POWDER","POUCH"
"POWDER","BOX, UNIT-DOSE"
"POWDER","CARTON"
"POWDER","BOX"
"POWDER","PACKAGE"
"POWDER","CARTRIDGE"
"POWDER","DOSE PACK"
"POWDER","INHALER"
"POWDER","CAPSULE"
"POWDER","KIT"
"POWDER","VIAL"
"POWDER","TRAY"
"POWDER","BOTTLE, UNIT-DOSE"
"POWDER","SYRINGE"
"POWDER, FOR SOLUTION","PACKET"
"POWDER, FOR SOLUTION","BOX"
"POWDER, FOR SOLUTION","CARTON"
"POWDER, FOR SOLUTION","KIT"
"POWDER, FOR SOLUTION","POUCH"
"POWDER, FOR SOLUTION","VIAL, SINGLE-DOSE"
"POWDER, FOR SOLUTION","VIAL"
"POWDER, FOR SOLUTION","VIAL, GLASS"
"POWDER, FOR SOLUTION","VIAL, SINGLE-USE"
"POWDER, FOR SOLUTION","CUP"
"POWDER, FOR SUSPENSION","PACKET"
"POWDER, FOR SUSPENSION","CARTON"
"POWDER, FOR SUSPENSION","POUCH"
"POWDER, METERED","INHALER"
"POWDER, METERED","PACKAGE"
"POWDER, METERED","POUCH"
"POWDER, METERED","BLISTER PACK"
"RING","POUCH"
"SALVE","CAN"
"SOAP","CARTON"
"SOLUTION","BAG"
"SOLUTION","BOTTLE, PLASTIC"
"SOLUTION","POUCH"
"SOLUTION","VIAL, PLASTIC"
"SOLUTION","BOTTLE"
"SOLUTION","BOX"
"SOLUTION","CANISTER"
"SOLUTION","CONTAINER"
"SOLUTION","JAR"
"SOLUTION","PACKAGE"
"SOLUTION","PACKET"
"SOLUTION","PAIL"
"SOLUTION","CARTON"
"SOLUTION","SYRINGE"
"SOLUTION","VIAL"
"SOLUTION","APPLICATOR"
"SOLUTION, CONCENTRATE","VIAL, DISPENSING"
"SOLUTION/ DROPS","BOTTLE, DROPPER"
"SPRAY","BOTTLE, SPRAY"
"SPRAY","BOX"
"SPRAY","CARTON"
"SPRAY","JUG"
"SPRAY","CONTAINER, FLEXIBLE INTERMEDIATE BULK"
"SPRAY","TANK"
"SPRAY","PAIL"
"SPRAY","DRUM"
"SPRAY","VIAL, MULTI-DOSE"
"SPRAY","BOTTLE"
"SPRAY","CONTAINER"
"SPRAY","BOTTLE, GLASS"
"SPRAY","VIAL, SINGLE-DOSE"
"SPRAY, METERED","BOTTLE"
"SPRAY, METERED","BOTTLE, SPRAY"
"SPRAY, METERED","BOX"
"SPRAY, METERED","BOTTLE, GLASS"
"SPRAY, METERED","BOTTLE, PUMP"
"SPRAY, METERED","CARTRIDGE"
"SPRAY, METERED","CARTON"
"SPRAY, METERED","BOTTLE, UNIT-DOSE"
"SPRAY, SUSPENSION","BOTTLE, PUMP"
"STICK","TUBE"
"STICK","CONTAINER"
"STICK","PACKAGE"
"STRIP","CARTON"
"STRIP","POUCH"
"STRIP","PACKET"
"STRIP","APPLICATOR"
"STRIP","PACKAGE"
"SUPPOSITORY","BLISTER PACK"
"SUPPOSITORY","BOTTLE, PLASTIC"
"SUPPOSITORY","BOX"
"SUPPOSITORY","CARTON"
"SUPPOSITORY","PACKAGE"
"SUPPOSITORY","JAR"
"SUPPOSITORY","BOTTLE"
"SUPPOSITORY","APPLICATOR"
"SUPPOSITORY","CAPSULE"
"SUPPOSITORY","DOSE PACK"
"SUPPOSITORY","POUCH"
"SUPPOSITORY","KIT"
"SUPPOSITORY","PACKET"
"SUPPOSITORY","CELLO PACK"
"SUSPENSION","BOX"
"SUSPENSION","BOTTLE"
"SUSPENSION","CARTON"
"SWAB","BAG"
"SWAB","BOX"
"SWAB","PACKAGE"
"SWAB","PACKET"
"SWAB","POUCH"
"SWAB","CANISTER"
"SWAB","JAR"
"SWAB","BOTTLE"
"SWAB","CASE"
"SWAB","CONTAINER"
"SWAB","CARTON"
"SYRINGE","BAG"
"SYRINGE","BOX"
"SYRINGE","CARTON"
"SYRINGE","KIT"
"SYRINGE","PACKAGE"
"SYRINGE","POUCH"
"SYRINGE","BOTTLE, UNIT-DOSE"
"SYRINGE","BOX, UNIT-DOSE"
"SYRINGE","CASE"
"SYRINGE","BLISTER PACK"
"SYRINGE","TRAY"
"SYRINGE","CELLO PACK"
"SYRINGE","CONTAINER"
"SYRINGE, GLASS","BAG"
"SYRINGE, GLASS","BLISTER PACK"
"SYRINGE, GLASS","BOX"
"SYRINGE, GLASS","CARTON"
"SYRINGE, GLASS","CASE"
"SYRINGE, GLASS","CONTAINER"
"SYRINGE, GLASS","POUCH"
"SYRINGE, GLASS","PACKAGE"
"SYRINGE, GLASS","PACKET"
"SYRINGE, GLASS","KIT"
"SYRINGE, PLASTIC","BAG"
"SYRINGE, PLASTIC","BOX"
"SYRINGE, PLASTIC","CARTON"
"SYRINGE, PLASTIC","PACKAGE"
"SYRINGE, PLASTIC","POUCH"
"SYRUP","BOTTLE"
"SYRUP","BOX"
"SYRUP","BOTTLE, GLASS"
"SYSTEM","POUCH"
"TABLET","BLISTER PACK"
"TABLET","BOTTLE"
"TABLET","BOTTLE, PLASTIC"
"TABLET","BOTTLE, UNIT-DOSE"
"TABLET","BOX"
"TABLET","CARTON"
"TABLET","DRUM"
"TABLET","PACKAGE"
"TABLET","PACKET"
"TABLET","POUCH"
"TABLET","BAG"
"TABLET","BOTTLE, DISPENSING"
"TABLET","VIAL"
"TABLET","BOTTLE, GLASS"
"TABLET","BOX, UNIT-DOSE"
"TABLET","CONTAINER"
"TABLET","DOSE PACK"
"TABLET","CELLO PACK"
"TABLET","PACKAGE, COMBINATION"
"TABLET","PAIL"
"TABLET","VIAL, PLASTIC"
"TABLET","APPLICATOR"
"TABLET","TRAY"
"TABLET","CAPSULE"
"TABLET","TUBE"
"TABLET, CHEWABLE","POUCH"
"TABLET, CHEWABLE","BLISTER PACK"
"TABLET, CHEWABLE","BOTTLE"
"TABLET, CHEWABLE","BOTTLE, PLASTIC"
"TABLET, CHEWABLE","BOX"
"TABLET, CHEWABLE","BOX, UNIT-DOSE"
"TABLET, CHEWABLE","CARTON"
"TABLET, CHEWABLE","BAG"
"TABLET, CHEWABLE","PACKAGE"
"TABLET, CHEWABLE","CELLO PACK"
"TABLET, CHEWABLE","BOTTLE, GLASS"
"TABLET, CHEWABLE","TUBE"
"TABLET, CHEWABLE","CONTAINER"
"TABLET, CHEWABLE","PACKET"
"TABLET, CHEWABLE","JAR"
"TABLET, CHEWABLE, EXTENDED RELEASE","BOTTLE"
"TABLET, COATED","PACKET"
"TABLET, COATED","POUCH"
"TABLET, COATED","BLISTER PACK"
"TABLET, COATED","BOTTLE"
"TABLET, COATED","BOTTLE, PLASTIC"
"TABLET, COATED","VIAL"
"TABLET, COATED","CARTON"
"TABLET, COATED","BAG"
"TABLET, COATED","BOX"
"TABLET, COATED","DRUM"
"TABLET, COATED","PACKAGE"
"TABLET, DELAYED RELEASE","BLISTER PACK"
"TABLET, DELAYED RELEASE","POUCH"
"TABLET, DELAYED RELEASE","BOTTLE"
"TABLET, DELAYED RELEASE","BOTTLE, PLASTIC"
"TABLET, DELAYED RELEASE","CARTON"
"TABLET, DELAYED RELEASE","BOX"
"TABLET, DELAYED RELEASE","DOSE PACK"
"TABLET, DELAYED RELEASE","PACKAGE"
"TABLET, EFFERVESCENT","CARTON"
"TABLET, EFFERVESCENT","BOX"
"TABLET, EFFERVESCENT","BAG"
"TABLET, EFFERVESCENT","POUCH"
"TABLET, EFFERVESCENT","BLISTER PACK"
"TABLET, EFFERVESCENT","PACKET"
"TABLET, EXTENDED RELEASE","BLISTER PACK"
"TABLET, EXTENDED RELEASE","BOTTLE"
"TABLET, EXTENDED RELEASE","PACKAGE"
"TABLET, EXTENDED RELEASE","BOTTLE, PLASTIC"
"TABLET, EXTENDED RELEASE","CARTON"
"TABLET, EXTENDED RELEASE","BOX, UNIT-DOSE"
"TABLET, EXTENDED RELEASE","DRUM"
"TABLET, EXTENDED RELEASE","POUCH"
"TABLET, EXTENDED RELEASE","CONTAINER"
"TABLET, EXTENDED RELEASE","DOSE PACK"
"TABLET, EXTENDED RELEASE","BAG"
"TABLET, FILM COATED","BLISTER PACK"
"TABLET, FILM COATED","BOTTLE"
"TABLET, FILM COATED","BOTTLE, PLASTIC"
"TABLET, FILM COATED","BOX"
"TABLET, FILM COATED","CARTON"
"TABLET, FILM COATED","DOSE PACK"
"TABLET, FILM COATED","KIT"
"TABLET, FILM COATED","PACKAGE"
"TABLET, FILM COATED","PACKET"
"TABLET, FILM COATED","POUCH"
"TABLET, FILM COATED","VIAL"
"TABLET, FILM COATED","VIAL, PLASTIC"
"TABLET, FILM COATED","BOTTLE, DISPENSING"
"TABLET, FILM COATED","BOX, UNIT-DOSE"
"TABLET, FILM COATED","CONTAINER"
"TABLET, FILM COATED","BAG"
"TABLET, FILM COATED","PACKAGE, COMBINATION"
"TABLET, FILM COATED","BOTTLE, SPRAY"
"TABLET, FILM COATED","PAIL"
"TABLET, FILM COATED","APPLICATOR"
"TABLET, FILM COATED","DIALPACK"
"TABLET, FILM COATED, EXTENDED RELEASE","BLISTER PACK"
"TABLET, FILM COATED, EXTENDED RELEASE","BOTTLE"
"TABLET, FILM COATED, EXTENDED RELEASE","BOTTLE, PLASTIC"
"TABLET, FILM COATED, EXTENDED RELEASE","CARTON"
"TABLET, FILM COATED, EXTENDED RELEASE","POUCH"
"TABLET, FILM COATED, EXTENDED RELEASE","PACKAGE"
"TABLET, FOR SUSPENSION","BOTTLE"
"TABLET, FOR SUSPENSION","BLISTER PACK"
"TABLET, MULTILAYER","POUCH"
"TABLET, MULTILAYER","BOTTLE"
"TABLET, MULTILAYER","BLISTER PACK"
"TABLET, MULTILAYER, EXTENDED RELEASE","BOTTLE"
"TABLET, MULTILAYER, EXTENDED RELEASE","POUCH"
"TABLET, MULTILAYER, EXTENDED RELEASE","BLISTER PACK"
"TABLET, ORALLY DISINTEGRATING","BLISTER PACK"
"TABLET, ORALLY DISINTEGRATING","BOTTLE"
"TABLET, ORALLY DISINTEGRATING","BOTTLE, PLASTIC"
"TABLET, ORALLY DISINTEGRATING","BAG"
"TABLET, ORALLY DISINTEGRATING","BOX"
"TABLET, ORALLY DISINTEGRATING","BOX, UNIT-DOSE"
"TABLET, ORALLY DISINTEGRATING","CARTON"
"TABLET, ORALLY DISINTEGRATING","CONTAINER"
"TABLET, ORALLY DISINTEGRATING","DOSE PACK"
"TABLET, ORALLY DISINTEGRATING","POUCH"
"TABLET, ORALLY DISINTEGRATING, DELAYED RELEASE","BLISTER PACK"
"TABLET, SOLUBLE","BOTTLE"
"TABLET, SOLUBLE","BOTTLE, PLASTIC"
"TABLET, SOLUBLE","PACKET"
"TABLET, SOLUBLE","POUCH"
"TABLET, SOLUBLE","BLISTER PACK"
"TABLET, SUGAR COATED","BOTTLE"
"TABLET, SUGAR COATED","BOTTLE, PLASTIC"
"TABLET, SUGAR COATED","BLISTER PACK"
"TABLET, SUGAR COATED","CARTON"
"TANK","BOX"
"TAPE","POUCH"
"TRAY","CARTON"
"TRAY","CASE"
"TRAY","BOX, UNIT-DOSE"
"TRAY","BOX"
"TRAY","POUCH"
"TRAY","PACKAGE"
"TRAY","CONTAINER"
"TROCHE","DOSE PACK"
"TUBE","BAG"
"TUBE","BLISTER PACK"
"TUBE","BOX"
"TUBE","BOX, UNIT-DOSE"
"TUBE","CAPSULE"
"TUBE","CARTON"
"TUBE","CARTRIDGE"
"TUBE","CASE"
"TUBE","CELLO PACK"
"TUBE","CONTAINER"
"TUBE","KIT"
"TUBE","PACKAGE"
"TUBE","POUCH"
"TUBE","TUBE"
"TUBE","TRAY"
"TUBE","CAN"
"TUBE","BOTTLE"
"TUBE","JAR"
"TUBE, WITH APPLICATOR","BLISTER PACK"
"TUBE, WITH APPLICATOR","BOTTLE, WITH APPLICATOR"
"TUBE, WITH APPLICATOR","BOX"
"TUBE, WITH APPLICATOR","CARTON"
"TUBE, WITH APPLICATOR","POUCH"
"TUBE, WITH APPLICATOR","TUBE, WITH APPLICATOR"
"U","BAG"
"U","PACKAGE"
"U","PATCH"
"U","BOX"
"U","BOX, UNIT-DOSE"
"U","CANISTER"
"U","PAIL"
"U","JAR"
"U","POUCH"
"uL","BOTTLE"
"uL","CONTAINER"
"VIAL","BAG"
"VIAL","BLISTER PACK"
"VIAL","BOX"
"VIAL","BOX, UNIT-DOSE"
"VIAL","CAN"
"VIAL","CARTON"
"VIAL","KIT"
"VIAL","PACKAGE"
"VIAL","VIAL"
"VIAL","POUCH"
"VIAL","TRAY"
"VIAL","CASE"
"VIAL","CONTAINER"
"VIAL","CELLO PACK"
"VIAL, DISPENSING","BOX"
"VIAL, DISPENSING","CARTON"
"VIAL, DISPENSING","CANISTER"
"VIAL, GLASS","BAG"
"VIAL, GLASS","BOX"
"VIAL, GLASS","CAN"
"VIAL, GLASS","CARTON"
"VIAL, GLASS","CONTAINER"
"VIAL, GLASS","PACKAGE"
"VIAL, GLASS","POUCH"
"VIAL, GLASS","VIAL"
"VIAL, GLASS","TRAY"
"VIAL, GLASS","CASE"
"VIAL, GLASS","KIT"
"VIAL, GLASS","BLISTER PACK"
"VIAL, MULTI-DOSE","BAG"
"VIAL, MULTI-DOSE","BOX"
"VIAL, MULTI-DOSE","CAN"
"VIAL, MULTI-DOSE","CARTON"
"VIAL, MULTI-DOSE","CONTAINER"
"VIAL, MULTI-DOSE","PACKAGE"
"VIAL, MULTI-DOSE","TRAY"
"VIAL, MULTI-DOSE","KIT"
"VIAL, MULTI-DOSE","CELLO PACK"
"VIAL, PATENT DELIVERY SYSTEM","PACKAGE"
"VIAL, PATENT DELIVERY SYSTEM","TRAY"
"VIAL, PATENT DELIVERY SYSTEM","BAG"
"VIAL, PHARMACY BULK PACKAGE","BAG"
"VIAL, PHARMACY BULK PACKAGE","BOX"
"VIAL, PHARMACY BULK PACKAGE","CARTON"
"VIAL, PHARMACY BULK PACKAGE","PACKAGE"
"VIAL, PHARMACY BULK PACKAGE","TRAY"
"VIAL, PHARMACY BULK PACKAGE","CASE"
"VIAL, PLASTIC","BAG"
"VIAL, PLASTIC","CAN"
"VIAL, PLASTIC","CARTON"
"VIAL, PLASTIC","PACKAGE"
"VIAL, PLASTIC","TRAY"
"VIAL, SINGLE-DOSE","BAG"
"VIAL, SINGLE-DOSE","BOX"
"VIAL, SINGLE-DOSE","CARTON"
"VIAL, SINGLE-DOSE","KIT"
"VIAL, SINGLE-DOSE","PACKAGE"
"VIAL, SINGLE-DOSE","POUCH"
"VIAL, SINGLE-DOSE","TRAY"
"VIAL, SINGLE-DOSE","CONTAINER"
"VIAL, SINGLE-DOSE","BOTTLE"
"VIAL, SINGLE-DOSE","BLISTER PACK"
"VIAL, SINGLE-USE","BAG"
"VIAL, SINGLE-USE","BOX"
"VIAL, SINGLE-USE","CAN"
"VIAL, SINGLE-USE","CARTON"
"VIAL, SINGLE-USE","CELLO PACK"
"VIAL, SINGLE-USE","CONTAINER"
"VIAL, SINGLE-USE","CASE"
"VIAL, SINGLE-USE","PACKAGE"
"VIAL, SINGLE-USE","TRAY"
"VIAL, SINGLE-USE","BLISTER PACK"
"VIAL, SINGLE-USE","POUCH"
"VIAL, SINGLE-USE","VIAL, SINGLE-USE"
"WAFER","BOTTLE"
"WAFER","POUCH"
